Customer ID,Customer Name,Segment,City,State,Postal Code,Region
CG-12520,Claire Gute,Consumer,Henderson,Kentucky,42420,South
SO-20335,Sean O'Donnell,Consumer,Fort Lauderdale,Florida,33311,South
BH-11710,Brosina Hoffman,Consumer,Los Angeles,California,90032,West
SF-20065,Sandra Flanagan,Consumer,Philadelphia,Pennsylvania,19140,East
EB-13870,Emily Burns,Consumer,Orem,Utah,84057,West
TB-21520,Tracy Blumstein,Consumer,Philadelphia,Pennsylvania,19140,East
GH-14485,Gene Hale,Corporate,Richardson,Texas,75080,Central
SN-20710,Steve Nguyen,Home Office,Houston,Texas,77041,Central
DP-13000,Darren Powers,Consumer,New Albany,Indiana,47150,Central
TB-21055,Ted Butterfield,Consumer,Troy,New York,12180,East
KM-16720,Kunst Miller,Consumer,Los Angeles,California,90004,West
PS-18970,Paul Stevenson,Home Office,Chicago,Illinois,60610,Central
JE-15745,Joel Eaton,Consumer,Memphis,Tennessee,38109,South
KB-16600,Ken Brennan,Corporate,Houston,Texas,77041,Central
PO-18865,Patrick O'Donnell,Consumer,Columbia,South Carolina,29203,South
KB-16315,Karl Braun,Consumer,Minneapolis,Minnesota,55407,Central
PN-18775,Parhena Norris,Home Office,New York City,New York,10009,East
LC-16870,Lena Cacioppo,Consumer,Aurora,Colorado,80013,West
CV-12805,Cynthia Voltz,Corporate,New York City,New York,10035,East
DK-13090,Dave Kipp,Consumer,Seattle,Washington,98103,West
SC-20725,Steven Cartwright,Consumer,Wilmington,Delaware,19805,East
AD-10180,Alan Dominguez,Home Office,Houston,Texas,77041,Central
PF-19165,Philip Fox,Consumer,Bloomington,Illinois,61701,Central
LS-16975,Lindsay Shagiari,Home Office,Los Angeles,California,90004,West
LC-16885,Lena Creighton,Consumer,Roseville,California,95661,West
JD-15895,Jonathan Doherty,Corporate,Philadelphia,Pennsylvania,19140,East
MG-17680,Maureen Gastineau,Home Office,Newark,Ohio,43055,East
JE-16165,Justin Ellison,Corporate,Franklin,Wisconsin,53132,Central
DB-13060,Dave Brooks,Consumer,Seattle,Washington,98115,West
BM-11140,Becky Martin,Consumer,San Antonio,Texas,78207,Central
CS-12130,Chad Sievert,Consumer,Los Angeles,California,90004,West
MP-17470,Mark Packer,Home Office,New York City,New York,10035,East
BS-11755,Bruce Stewart,Consumer,Denver,Colorado,80219,West
HK-14890,Heather Kirkland,Corporate,Franklin,Tennessee,37064,South
VW-21775,Victoria Wilson,Corporate,Medina,Ohio,44256,East
JB-15925,Joni Blumstein,Consumer,Dublin,Ohio,43017,East
DS-13180,David Smith,Corporate,Detroit,Michigan,48227,Central
VD-21670,Valerie Dominguez,Consumer,Columbia,Tennessee,38401,South
CS-12400,Christopher Schild,Home Office,Tampa,Florida,33614,South
KL-16645,Ken Lonsdale,Consumer,Chicago,Illinois,60610,Central
DW-13480,Dianna Wilson,Home Office,Lakeville,Minnesota,55044,Central
LH-17155,Logan Haushalter,Consumer,San Francisco,California,94109,West
DR-12880,Dan Reichenbach,Corporate,Chicago,Illinois,60623,Central
HA-14920,Helen Andreada,Consumer,San Francisco,California,94109,West
JO-15280,Jas O'Carroll,Consumer,Los Angeles,California,90004,West
NZ-18565,Nick Zandusky,Home Office,Columbus,Ohio,43229,East
KL-16555,Kelly Lampkin,Corporate,Colorado Springs,Colorado,80906,West
JH-15910,Jonathan Howell,Consumer,Chicago,Illinois,60623,Central
AS-10225,Alan Schoenberger,Corporate,New York City,New York,10024,East
BP-11185,Ben Peterman,Corporate,Arvada,Colorado,80004,West
TS-21205,Thomas Seio,Corporate,Hackensack,New Jersey,7601,East
NM-18445,Nathan Mautz,Home Office,New York City,New York,10024,East
DJ-13510,Don Jones,Corporate,Murfreesboro,Tennessee,37130,South
PO-18850,Patrick O'Brill,Consumer,Philadelphia,Pennsylvania,19143,East
AC-10420,Alyssa Crouse,Corporate,San Francisco,California,94122,West
JL-15505,Jeremy Lonsdale,Consumer,New York City,New York,10035,East
KW-16435,Katrina Willman,Consumer,New York City,New York,10009,East
MK-17905,Michael Kennedy,Corporate,Manchester,Connecticut,6040,East
AR-10405,Allen Rosenblatt,Corporate,Franklin,Massachusetts,2038,East
DO-13435,Denny Ordway,Consumer,Pembroke Pines,Florida,33024,South
DK-13225,Dean Katz,Corporate,Philadelphia,Pennsylvania,19140,East
AG-10675,Anna Gayman,Consumer,Houston,Texas,77036,Central
KH-16510,Keith Herrera,Consumer,San Francisco,California,94110,West
KC-16675,Kimberly Carter,Corporate,Seattle,Washington,98105,West
PB-19150,Philip Brown,Consumer,Los Angeles,California,90004,West
MP-17965,Michael Paige,Corporate,Lawrence,Massachusetts,1841,East
NF-18385,Natalie Fritzler,Consumer,Jackson,Mississippi,39212,South
JM-15265,Janet Molinari,Corporate,Canton,Michigan,48187,Central
PK-19075,Pete Kriz,Consumer,Detroit,Michigan,48227,Central
TB-21595,Troy Blackwell,Consumer,Columbus,Indiana,47201,Central
EB-13705,Ed Braxton,Corporate,Akron,Ohio,44312,East
SC-20095,Sanjit Chand,Consumer,Concord,California,94521,West
TN-21040,Tanja Norvell,Home Office,Phoenix,Arizona,85023,West
JS-15940,Joni Sundaresam,Home Office,Park Ridge,Illinois,60068,Central
JP-15520,Jeremy Pistek,Consumer,San Francisco,California,94110,West
JE-15475,Jeremy Ellison,Consumer,Troy,New York,12180,East
MT-18070,Michelle Tran,Home Office,Los Angeles,California,90045,West
RO-19780,Rose O'Brian,Consumer,Memphis,Tennessee,38109,South
MY-17380,Maribeth Yedwab,Corporate,Parker,Colorado,80134,West
LS-17245,Lynn Smith,Consumer,Gladstone,Missouri,64118,Central
MC-17605,Matt Connell,Corporate,Detroit,Michigan,48234,Central
PH-18790,Patricia Hirasaki,Home Office,Lakeland,Florida,33801,South
KB-16240,Karen Bern,Corporate,Los Angeles,California,90036,West
JC-15340,Jasper Cacioppo,Consumer,Los Angeles,California,90032,West
DK-12985,Darren Koutras,Consumer,Henderson,Kentucky,42420,South
PG-18895,Paul Gonzalez,Consumer,Fort Worth,Texas,76106,Central
BD-11320,Bill Donatelli,Consumer,San Francisco,California,94110,West
RC-19960,Ryan Crowe,Consumer,Jacksonville,Florida,32216,South
OT-18730,Olvera Toch,Consumer,Los Angeles,California,90045,West
LP-17080,Liz Pelletier,Consumer,San Francisco,California,94110,West
CA-12775,Cynthia Arntzen,Consumer,Tampa,Florida,33614,South
EB-13840,Ellis Ballard,Corporate,Seattle,Washington,98105,West
CS-11950,Carlos Soltero,Consumer,Chicago,Illinois,60610,Central
BD-11725,Bruce Degenhardt,Consumer,Richmond,Kentucky,40475,South
LR-16915,Lena Radford,Consumer,San Diego,California,92024,West
AS-10240,Alan Shonely,Consumer,Tampa,Florida,33614,South
NG-18355,Nat Gilpin,Corporate,New York City,New York,10011,East
SF-20965,Sylvia Foulston,Corporate,Dearborn,Michigan,48126,Central
MO-17800,Meg O'Connel,Home Office,New York City,New York,10009,East
DJ-13420,Denny Joy,Corporate,Warner Robins,Georgia,31088,South
RB-19465,Rick Bensley,Home Office,Vallejo,California,94591,West
JD-16150,Justin Deggeller,Corporate,Minneapolis,Minnesota,55407,Central
AR-10825,Anthony Rawles,Corporate,Vancouver,Washington,98661,West
EH-14125,Eugene Hildebrand,Home Office,Aurora,Illinois,60505,Central
CB-12025,Cassandra Brandow,Consumer,Arlington,Texas,76017,Central
RP-19390,Resi PÅ¡lking,Consumer,Cleveland,Ohio,44105,East
CD-11980,Carol Darley,Consumer,Tyler,Texas,75701,Central
RA-19285,Ralph Arnett,Consumer,New York City,New York,10035,East
NP-18325,Naresj Patel,Consumer,Waynesboro,Virginia,22980,South
Dl-13600,Dorris liebe,Corporate,Cleveland,Ohio,44105,East
AS-10285,Alejandro Savely,Corporate,Seattle,Washington,98103,West
JK-15370,Jay Kimmel,Consumer,Long Beach,California,90805,West
DP-13165,David Philippe,Consumer,New York City,New York,10035,East
SV-20365,Seth Vernon,Consumer,Dover,Delaware,19901,East
KC-16540,Kelly Collister,Consumer,Newark,Ohio,43055,East
CK-12325,Christine Kargatis,Home Office,Orem,Utah,84057,West
MR-17545,Mathew Reese,Home Office,Philadelphia,Pennsylvania,19140,East
EG-13900,Emily Grady,Consumer,Oceanside,New York,11572,East
DS-13030,Darrin Sayre,Home Office,Seattle,Washington,98115,West
MH-17785,Maya Herman,Corporate,San Diego,California,92105,West
RF-19735,Roland Fjeld,Consumer,Trenton,Michigan,48183,Central
MS-17830,Melanie Seite,Consumer,Los Angeles,California,90036,West
NB-18655,Nona Balk,Corporate,Jacksonville,Florida,32216,South
AJ-10795,Anthony Johnson,Corporate,Saint Petersburg,Florida,33710,South
LE-16810,Laurel Elliston,Consumer,Arlington,Virginia,22204,South
BV-11245,Benjamin Venier,Corporate,Des Moines,Iowa,50315,Central
BM-11785,Bryan Mills,Consumer,Columbus,Ohio,43229,East
LT-17110,Liz Thompson,Consumer,Lancaster,California,93534,West
SA-20830,Sue Ann Reed,Consumer,Richmond,Virginia,23223,South
CD-11920,Carlos Daly,Consumer,Lake Elsinore,California,92530,West
HW-14935,Helen Wasserman,Corporate,San Diego,California,92105,West
GM-14440,Gary McGarr,Consumer,San Francisco,California,94122,West
AA-10375,Allen Armold,Consumer,Omaha,Nebraska,68104,Central
ZC-21910,Zuschuss Carroll,Consumer,Edmonds,Washington,98026,West
PJ-19015,Pauline Johnson,Consumer,Santa Ana,California,92704,West
BM-11650,Brian Moss,Corporate,New York City,New York,10035,East
AF-10885,Art Foster,Consumer,Louisville,Kentucky,40214,South
GA-14725,Guy Armstrong,Consumer,Lorain,Ohio,44052,East
GT-14710,Greg Tran,Consumer,New York City,New York,10035,East
AJ-10780,Anthony Jacobs,Corporate,Springfield,Virginia,22153,South
CC-12430,Chuck Clark,Home Office,Concord,New Hampshire,3301,East
HP-14815,Harold Pawlan,Home Office,New York City,New York,10024,East
PM-19135,Peter McVee,Home Office,Detroit,Michigan,48227,Central
LL-16840,Lauren Leatherbury,Consumer,Rochester,New York,14609,East
SC-20050,Sample Company A,Home Office,Norwich,Connecticut,6360,East
RW-19630,Rob Williams,Corporate,Torrance,California,90503,West
RB-19795,Ross Baird,Home Office,Philadelphia,Pennsylvania,19120,East
KH-16360,Katherine Hughes,Consumer,Philadelphia,Pennsylvania,19143,East
GH-14665,Greg Hansen,Consumer,Round Rock,Texas,78664,Central
DL-12925,Daniel Lacy,Consumer,Oceanside,California,92054,West
LW-16990,Lindsay Williams,Corporate,San Francisco,California,94110,West
DL-13315,Delfina Latchford,Consumer,Philadelphia,Pennsylvania,19134,East
TZ-21580,Tracy Zic,Consumer,Louisville,Colorado,80027,West
JG-15805,John Grady,Corporate,Auburn,New York,13021,East
SL-20155,Sara Luxemburg,Home Office,Jacksonville,Florida,32216,South
RD-19585,Rob Dowd,Consumer,Henderson,Kentucky,42420,South
RH-19495,Rick Hansen,Consumer,New York City,New York,10024,East
VG-21790,Vivek Gonzalez,Consumer,San Diego,California,92037,West
JS-15880,John Stevenson,Consumer,Seattle,Washington,98103,West
KM-16225,Kalyca Meade,Corporate,New York City,New York,10011,East
LA-16780,Laura Armstrong,Corporate,Hackensack,New Jersey,7601,East
EL-13735,Ed Ludwig,Home Office,Jefferson City,Missouri,65109,Central
RD-19660,Robert Dilbeck,Home Office,Saint Peters,Missouri,63376,Central
MO-17500,Mary O'Rourke,Consumer,New York City,New York,10035,East
DG-13300,Deirdre Greer,Corporate,Philadelphia,Pennsylvania,19134,East
NF-18595,Nicole Fjeld,Home Office,New York City,New York,10009,East
JD-16060,Julia Dunbar,Consumer,Houston,Texas,77095,Central
BD-11620,Brian DeCherney,Consumer,San Francisco,California,94122,West
BT-11395,Bill Tyler,Corporate,Detroit,Michigan,48227,Central
KD-16270,Karen Daniels,Consumer,Yonkers,New York,10701,East
NS-18640,Noel Staavos,Corporate,Los Angeles,California,90049,West
PV-18985,Paul Van Hugh,Home Office,San Francisco,California,94122,West
EH-13945,Eric Hoffmann,Consumer,Houston,Texas,77041,Central
RA-19915,Russell Applegate,Consumer,Encinitas,California,92024,West
HL-15040,Hunter Lopez,Consumer,Jonesboro,Arkansas,72401,South
BD-11605,Brian Dahlen,Consumer,Springfield,Virginia,22153,South
AP-10915,Arthur Prichep,Consumer,Los Angeles,California,90045,West
CB-12535,Claudia Bergmann,Corporate,Cuyahoga Falls,Ohio,44221,East
PS-19045,Penelope Sewall,Home Office,Harrisonburg,Virginia,22801,South
GB-14530,George Bell,Corporate,Los Angeles,California,90004,West
BT-11530,Bradley Talbott,Home Office,Los Angeles,California,90036,West
LS-16945,Linda Southworth,Corporate,Denver,Colorado,80219,West
SW-20755,Steven Ward,Corporate,New York City,New York,10009,East
SP-20620,Stefania Perrino,Corporate,Philadelphia,Pennsylvania,19134,East
PG-18820,Patrick Gardner,Consumer,Boynton Beach,Florida,33437,South
GM-14680,Greg Matthias,Consumer,Seattle,Washington,98105,West
NP-18700,Nora Preis,Consumer,Fresno,California,93727,West
DJ-13630,Doug Jacobs,Consumer,New York City,New York,10009,East
MH-18115,Mick Hernandez,Home Office,Chester,Pennsylvania,19013,East
CC-12220,Chris Cortes,Consumer,La Porte,Indiana,46350,Central
JC-16105,Julie Creighton,Corporate,Los Angeles,California,90045,West
BG-11695,Brooke Gillingham,Corporate,Louisville,Colorado,80027,West
MS-17710,Maurice Satty,Consumer,Fort Worth,Texas,76106,Central
TB-21355,Todd Boyes,Corporate,New York City,New York,10009,East
LC-17140,Logan Currie,Consumer,Springfield,Virginia,22153,South
TC-21535,Tracy Collins,Home Office,Arlington,Virginia,22204,South
CS-12460,Chuck Sachs,Consumer,Columbus,Georgia,31907,South
RC-19825,Roy Collins,Consumer,Pasadena,California,91104,West
HG-14965,Henry Goldwyn,Corporate,Los Angeles,California,90032,West
LD-17005,Lisa DeCherney,Consumer,San Francisco,California,94109,West
JF-15190,Jamie Frazer,Consumer,Los Angeles,California,90008,West
CM-12115,Chad McGuire,Consumer,New York City,New York,10011,East
BP-11290,Beth Paige,Consumer,Evanston,Illinois,60201,Central
LB-16735,Larry Blacks,Consumer,Fort Worth,Texas,76106,Central
KT-16465,Kean Takahito,Consumer,Los Angeles,California,90049,West
AB-10600,Ann Blume,Corporate,Tucson,Arizona,85705,West
SZ-20035,Sam Zeldin,Home Office,Pico Rivera,California,90660,West
JR-15670,Jim Radford,Consumer,Colorado Springs,Colorado,80906,West
CA-12265,Christina Anderson,Consumer,Provo,Utah,84604,West
JK-16120,Julie Kriz,Home Office,Aurora,Illinois,60505,Central
PP-18955,Paul Prost,Home Office,Smyrna,Georgia,30080,South
CK-12760,Cyma Kinney,Corporate,Aurora,Illinois,60505,Central
GM-14455,Gary Mitchum,Home Office,Columbus,Ohio,43229,East
SD-20485,Shirley Daniels,Home Office,Philadelphia,Pennsylvania,19143,East
AB-10105,Adrian Barton,Consumer,Phoenix,Arizona,85023,West
BT-11305,Beth Thompson,Home Office,Costa Mesa,California,92627,West
SV-20815,Stuart Van,Corporate,Houston,Texas,77041,Central
IM-15070,Irene Maddox,Consumer,Florence,Alabama,35630,South
ME-17320,Maria Etezadi,Home Office,Columbus,Georgia,31907,South
AA-10480,Andrew Allen,Consumer,Middletown,Connecticut,6457,East
MB-18085,Mick Brown,Consumer,Vineland,New Jersey,8360,East
LC-16930,Linda Cazamias,Corporate,Pasadena,Texas,77506,Central
MB-17305,Maria Bertelson,Consumer,Glendale,Arizona,85301,West
DK-12835,Damala Kotsonis,Corporate,Detroit,Michigan,48234,Central
NM-18520,Neoma Murray,Consumer,Houston,Texas,77036,Central
CM-12655,Corinna Mitchell,Home Office,Los Angeles,California,90008,West
TS-21370,Todd Sumrall,Corporate,New York City,New York,10035,East
JW-15220,Jane Waco,Corporate,Vancouver,Washington,98661,West
AT-10435,Alyssa Tate,Home Office,Los Angeles,California,90045,West
PC-19000,Pauline Chand,Home Office,Los Angeles,California,90004,West
JM-15535,Jessica Myrick,Consumer,Los Angeles,California,90036,West
AI-10855,Arianne Irving,Consumer,Philadelphia,Pennsylvania,19120,East
MC-17845,Michael Chen,Consumer,North Las Vegas,Nevada,89031,West
GH-14425,Gary Hwang,Consumer,Tucson,Arizona,85705,West
CJ-12010,Caroline Jumper,Consumer,Allentown,Pennsylvania,18103,East
MP-18175,Mike Pelletier,Home Office,Laguna Niguel,California,92677,West
CL-11890,Carl Ludwig,Consumer,Everett,Massachusetts,2149,East
CK-12205,Chloris Kastensmidt,Consumer,Columbus,Ohio,43229,East
PC-18745,Pamela Coakley,Corporate,Watertown,New York,13601,East
SG-20470,Sheri Gordon,Consumer,New York City,New York,10011,East
MC-18100,Mick Crebagga,Consumer,El Paso,Texas,79907,Central
DP-13390,Dennis Pardue,Home Office,Peoria,Illinois,61604,Central
MD-17350,Maribeth Dona,Consumer,Columbus,Ohio,43229,East
AB-10150,Aimee Bixby,Consumer,Carrollton,Texas,75007,Central
ML-17395,Marina Lichtenstein,Corporate,Los Angeles,California,90008,West
JC-15385,Jenna Caffey,Consumer,Kent,Washington,98031,West
MC-17275,Marc Crier,Consumer,Lafayette,Louisiana,70506,South
TB-21280,Toby Braunhardt,Consumer,Washington,District of Columbia,20016,East
MM-17920,Michael Moore,Consumer,New York City,New York,10011,East
SB-20290,Sean Braxton,Corporate,Philadelphia,Pennsylvania,19134,East
AW-10840,Anthony Witt,Consumer,Philadelphia,Pennsylvania,19140,East
TS-21610,Troy Staebel,Consumer,Philadelphia,Pennsylvania,19143,East
HZ-14950,Henia Zydlo,Consumer,Columbus,Ohio,43229,East
ND-18370,Natalie DeCherney,Consumer,New York City,New York,10035,East
JK-15205,Jamie Kunitz,Consumer,San Francisco,California,94122,West
MM-18055,Michelle Moray,Consumer,Chicago,Illinois,60610,Central
DC-13285,Debra Catini,Consumer,San Francisco,California,94110,West
BN-11515,Bradley Nguyen,Consumer,New York City,New York,10011,East
KD-16345,Katherine Ducich,Consumer,Chicago,Illinois,60623,Central
FM-14215,Filia McAdams,Corporate,Dublin,Ohio,43017,East
JW-15955,Joni Wasserman,Consumer,Oakland,California,94601,West
AG-10900,Arthur Gainer,Consumer,San Diego,California,92105,West
ML-17755,Max Ludwig,Home Office,Suffolk,Virginia,23434,South
RM-19375,Raymond Messe,Consumer,San Jose,California,95123,West
AS-10135,Adrian Shami,Home Office,Auburn,Washington,98002,West
FO-14305,Frank Olsen,Consumer,Harrisonburg,Virginia,22801,South
BT-11680,Brian Thompson,Consumer,Newark,Ohio,43055,East
JL-15235,Janet Lee,Consumer,Chicago,Illinois,60623,Central
EA-14035,Erin Ashbrook,Corporate,Chicago,Illinois,60623,Central
BF-10975,Barbara Fisher,Corporate,Charlotte,North Carolina,28205,South
KH-16330,Katharine Harms,Corporate,Bowling Green,Kentucky,42104,South
FA-14230,Frank Atkinson,Corporate,San Antonio,Texas,78207,Central
DA-13450,Dianna Arnett,Home Office,Washington,District of Columbia,20016,East
FH-14275,Frank Hawley,Corporate,Los Angeles,California,90004,West
NC-18625,Noah Childs,Corporate,Aurora,Colorado,80013,West
AH-10075,Adam Hart,Corporate,Henderson,Nevada,89015,West
ME-18010,Michelle Ellison,Corporate,San Francisco,California,94122,West
BP-11230,Benjamin Patterson,Consumer,Spokane,Washington,99207,West
JG-15160,James Galang,Consumer,Los Angeles,California,90049,West
LF-17185,Luke Foster,Consumer,New York City,New York,10011,East
RA-19945,Ryan Akin,Consumer,Miami,Florida,33178,South
RW-19540,Rick Wilson,Corporate,Los Angeles,California,90008,West
DB-13660,Duane Benoit,Consumer,Oceanside,New York,11572,East
EH-13765,Edward Hooks,Corporate,Watertown,New York,13601,East
NP-18685,Nora Pelletier,Home Office,San Francisco,California,94109,West
JE-15715,Joe Elijah,Consumer,Broomfield,Colorado,80020,West
AC-10615,Ann Chong,Corporate,New York City,New York,10009,East
LW-16825,Laurel Workman,Corporate,Brentwood,California,94513,West
AS-10090,Adam Shillingsburg,Consumer,Springfield,Missouri,65807,Central
JS-16030,Joy Smith,Consumer,Houston,Texas,77036,Central
CM-12190,Charlotte Melton,Consumer,Chicago,Illinois,60623,Central
AM-10705,Anne McFarland,Consumer,Auburn,Alabama,36830,South
RH-19510,Rick Huthwaite,Home Office,Providence,Rhode Island,2908,East
CT-11995,Carol Triggs,Consumer,Rochester,Minnesota,55901,Central
SN-20560,Skye Norling,Home Office,Peoria,Arizona,85345,West
CK-12595,Clytie Kelty,Consumer,Philadelphia,Pennsylvania,19134,East
RD-19480,Rick Duston,Consumer,Richmond,Indiana,47374,Central
TP-21130,Theone Pippenger,Consumer,Detroit,Michigan,48227,Central
GG-14650,Greg Guthrie,Corporate,Los Angeles,California,90049,West
KA-16525,Kelly Andreada,Consumer,Ontario,California,91761,West
TR-21325,Toby Ritter,Consumer,San Francisco,California,94122,West
MS-17365,Maribeth Schnelling,Consumer,Phoenix,Arizona,85023,West
MM-17260,Magdelene Morse,Consumer,Wilmington,Delaware,19805,East
AH-10120,Adrian Hane,Home Office,Tucson,Arizona,85705,West
SG-20080,Sandra Glassco,Consumer,Redlands,California,92374,West
RK-19300,Ralph Kennedy,Consumer,Rochester,New York,14609,East
JB-15400,Jennifer Braxton,Corporate,Sunnyvale,California,94086,West
EH-14005,Erica Hernandez,Home Office,Lansing,Michigan,48911,Central
RF-19345,Randy Ferguson,Corporate,Dover,New Hampshire,3820,East
TB-21625,Trudy Brown,Consumer,Grand Prairie,Texas,75051,Central
GT-14635,Grant Thornton,Corporate,Long Beach,New York,11561,East
TS-21160,Theresa Swint,Corporate,York,Pennsylvania,17403,East
WB-21850,William Brown,Consumer,Concord,California,94521,West
AF-10870,Art Ferguson,Consumer,College Station,Texas,77840,Central
BF-11170,Ben Ferrer,Home Office,Dallas,Texas,75081,Central
IL-15100,Ivan Liston,Consumer,Columbus,Indiana,47201,Central
SW-20275,Scott Williamson,Consumer,New York City,New York,10035,East
NS-18505,Neola Schneider,Consumer,San Jose,California,95123,West
DK-13375,Dennis Kane,Consumer,Marion,Ohio,43302,East
BT-11440,Bobby Trafton,Consumer,Littleton,Colorado,80122,West
DB-13405,Denny Blanton,Consumer,La Porte,Indiana,46350,Central
SJ-20125,Sanjit Jacobs,Home Office,Chicago,Illinois,60610,Central
MV-17485,Mark Van Huff,Consumer,Arlington,Virginia,22204,South
JL-15850,John Lucas,Consumer,San Francisco,California,94122,West
LM-17065,Liz MacKendrick,Consumer,Southaven,Mississippi,38671,South
JK-15625,Jim Karlsson,Consumer,Seattle,Washington,98115,West
RS-19420,Ricardo Sperren,Corporate,Seattle,Washington,98115,West
BC-11125,Becky Castell,Home Office,Peoria,Arizona,85345,West
EM-13825,Elizabeth Moffitt,Corporate,Sioux Falls,South Dakota,57103,Central
BM-11575,Brendan Murry,Corporate,New York City,New York,10035,East
SC-20260,Scott Cohen,Corporate,San Francisco,California,94122,West
CP-12340,Christine Phan,Corporate,New York City,New York,10024,East
AB-10060,Adam Bellavance,Home Office,Waynesboro,Virginia,22980,South
EH-13990,Erica Hackney,Consumer,Sacramento,California,95823,West
BF-11020,Barry FranzÅ¡sisch,Corporate,Aurora,Illinois,60505,Central
BE-11455,Brad Eason,Home Office,Lorain,Ohio,44052,East
SG-20605,Speros Goranitis,Consumer,New York City,New York,10009,East
HM-14860,Harry Marie,Corporate,Huntsville,Texas,77340,Central
BE-11335,Bill Eplett,Home Office,San Francisco,California,94122,West
JA-15970,Joseph Airdo,Consumer,Los Angeles,California,90045,West
SV-20935,Susan Vittorini,Consumer,Fairfield,Ohio,45014,East
MZ-17515,Mary Zewe,Corporate,Arlington,Texas,76017,Central
AZ-10750,Annie Zypern,Consumer,New York City,New York,10009,East
PW-19240,Pierre Wener,Consumer,Louisville,Colorado,80027,West
SW-20455,Shaun Weien,Consumer,Tampa,Florida,33614,South
CM-11935,Carlos Meador,Consumer,Fayetteville,North Carolina,28314,South
PF-19225,Phillip Flathmann,Consumer,Los Angeles,California,90032,West
GM-14695,Greg Maxwell,Corporate,Los Angeles,California,90036,West
KN-16705,Kristina Nunn,Home Office,Seattle,Washington,98105,West
KT-16480,Kean Thornton,Consumer,Houston,Texas,77095,Central
SC-20575,Sonia Cooley,Consumer,Mishawaka,Indiana,46544,Central
BB-11545,Brenda Bowman,Corporate,Chicago,Illinois,60623,Central
DW-13585,Dorothy Wardle,Corporate,Westfield,New Jersey,7090,East
EM-13810,Eleni McCrary,Corporate,San Francisco,California,94122,West
KD-16615,Ken Dana,Corporate,Scottsdale,Arizona,85254,West
AP-10720,Anne Pryor,Home Office,Malden,Massachusetts,2148,East
BW-11110,Bart Watters,Corporate,Houston,Texas,77070,Central
TM-21010,Tamara Manning,Consumer,Orem,Utah,84057,West
SF-20200,Sarah Foster,Consumer,Bellingham,Washington,98226,West
SM-20320,Sean Miller,Home Office,Lafayette,Indiana,47905,Central
SE-20110,Sanjit Engle,Consumer,Wheeling,Illinois,60090,Central
EN-13780,Edward Nazzal,Consumer,New York City,New York,10035,East
MC-17590,Matt Collister,Corporate,Arlington,Texas,76017,Central
BO-11350,Bill Overfelt,Corporate,Los Angeles,California,90045,West
AG-10300,Aleksandra Gannaway,Corporate,Los Angeles,California,90049,West
JF-15295,Jason Fortune-,Consumer,Seattle,Washington,98103,West
SB-20170,Sarah Bern,Consumer,New York City,New York,10035,East
TB-21400,Tom Boeckenhauer,Consumer,Tulsa,Oklahoma,74133,Central
SH-19975,Sally Hughsby,Corporate,Hesperia,California,92345,West
HR-14830,Harold Ryan,Corporate,Gilbert,Arizona,85234,West
HF-14995,Herbert Flentye,Consumer,Memphis,Tennessee,38109,South
NL-18310,Nancy Lomonaco,Home Office,Los Angeles,California,90045,West
RR-19525,Rick Reed,Corporate,Lowell,Massachusetts,1852,East
DL-12865,Dan Lawera,Consumer,Hialeah,Florida,33012,South
CC-12145,Charles Crestani,Consumer,Los Angeles,California,90049,West
CP-12085,Cathy Prescott,Corporate,Lakewood,Ohio,44107,East
EP-13915,Emily Phan,Consumer,Philadelphia,Pennsylvania,19120,East
FH-14350,Fred Harton,Consumer,Seattle,Washington,98105,West
MS-17530,MaryBeth Skach,Consumer,San Diego,California,92037,West
SC-20770,Stewart Carmichael,Corporate,San Francisco,California,94122,West
JP-16135,Julie Prescott,Home Office,Columbus,Georgia,31907,South
SS-20140,Saphhira Shifley,Corporate,Pompano Beach,Florida,33068,South
CD-12790,Cynthia Delaney,Home Office,Los Angeles,California,90036,West
MD-17860,Michael Dominguez,Corporate,Corpus Christi,Texas,78415,Central
KN-16450,Kean Nguyen,Corporate,Redondo Beach,California,90278,West
DL-13330,Denise Leinenbach,Consumer,Las Cruces,New Mexico,88001,West
MH-18025,Michelle Huthwaite,Consumer,Seattle,Washington,98115,West
DR-12940,Daniel Raglin,Home Office,Franklin,Massachusetts,2038,East
DM-13015,Darrin Martin,Consumer,Encinitas,California,92024,West
DM-13345,Denise Monton,Corporate,Roswell,Georgia,30076,South
CC-12370,Christopher Conant,Consumer,Fayetteville,North Carolina,28314,South
SC-20380,Shahid Collister,Consumer,Atlanta,Georgia,30318,South
BF-11275,Beth Fritzler,Corporate,Tucson,Arizona,85705,West
TD-20995,Tamara Dahlen,Consumer,San Diego,California,92037,West
BK-11260,Berenike Kampe,Consumer,San Francisco,California,94110,West
HG-14845,Harry Greene,Consumer,Lake Charles,Louisiana,70601,South
LS-17200,Luke Schmidt,Corporate,Philadelphia,Pennsylvania,19140,East
JM-16195,Justin MacKendrick,Consumer,Watertown,New York,13601,East
BP-11155,Becky Pak,Consumer,Columbus,Georgia,31907,South
TT-21220,Thomas Thornton,Consumer,San Francisco,California,94109,West
LH-17020,Lisa Hazard,Consumer,San Francisco,California,94122,West
EM-14140,Eugene Moren,Home Office,Glendale,Arizona,85301,West
MA-17995,Michelle Arnett,Home Office,Watertown,New York,13601,East
AY-10555,Andy Yotov,Corporate,Oceanside,California,92054,West
Co-12640,Corey-Lock,Consumer,Skokie,Illinois,60076,Central
JF-15565,Jill Fjeld,Consumer,Fayetteville,North Carolina,28314,South
DV-13045,Darrin Van Huff,Corporate,Philadelphia,Pennsylvania,19143,East
GB-14575,Giulietta Baptist,Consumer,Philadelphia,Pennsylvania,19134,East
CL-12565,Clay Ludtke,Consumer,Seattle,Washington,98115,West
JB-16045,Julia Barnett,Home Office,Columbus,Georgia,31907,South
NW-18400,Natalie Webber,Consumer,Philadelphia,Pennsylvania,19120,East
JB-16000,Joy Bell-,Consumer,Brownsville,Texas,78521,Central
DM-12955,Dario Medina,Corporate,Lincoln Park,Michigan,48146,Central
JH-16180,Justin Hirsh,Consumer,Gresham,Oregon,97030,West
AS-10045,Aaron Smayling,Corporate,Pasadena,California,91104,West
ZD-21925,Zuschuss Donatelli,Consumer,Chattanooga,Tennessee,37421,South
KF-16285,Karen Ferguson,Home Office,Long Beach,California,90805,West
TC-21475,Tony Chapman,Home Office,Columbus,Georgia,31907,South
HH-15010,Hilary Holden,Corporate,San Francisco,California,94110,West
YC-21895,Yoseph Carroll,Corporate,Newark,Delaware,19711,East
KM-16375,Katherine Murray,Home Office,Dallas,Texas,75217,Central
TP-21415,Tom Prescott,Consumer,Houston,Texas,77070,Central
DB-12910,Daniel Byrd,Home Office,Henderson,Kentucky,42420,South
CS-12355,Christine Sundaresam,Consumer,New York City,New York,10024,East
JG-15310,Jason Gross,Corporate,Providence,Rhode Island,2908,East
MS-17770,Maxwell Schwartz,Consumer,Seattle,Washington,98105,West
JE-15610,Jim Epp,Corporate,Lakeland,Florida,33801,South
CC-12100,Chad Cunningham,Home Office,Los Angeles,California,90049,West
JP-15460,Jennifer Patt,Corporate,Oceanside,New York,11572,East
CS-11845,Cari Sayre,Corporate,Seattle,Washington,98105,West
SM-20950,Suzanne McNair,Corporate,New York City,New York,10011,East
TT-21070,Ted Trevino,Consumer,Akron,Ohio,44312,East
RD-19900,Ruben Dartt,Consumer,San Diego,California,92037,West
DW-13195,David Wiener,Corporate,Houston,Texas,77095,Central
SJ-20215,Sarah Jordon,Consumer,Grand Prairie,Texas,75051,Central
BG-11740,Bruce Geld,Consumer,Philadelphia,Pennsylvania,19120,East
AH-10030,Aaron Hawkins,Corporate,Gulfport,Mississippi,39503,South
TH-21100,Thea Hendricks,Consumer,San Diego,California,92037,West
HG-15025,Hunter Glantz,Consumer,Oceanside,New York,11572,East
EB-13750,Edward Becker,Corporate,Round Rock,Texas,78664,Central
TS-21505,Tony Sayre,Consumer,Columbia,Tennessee,38401,South
TH-21550,Tracy Hopkins,Home Office,New York City,New York,10009,East
PR-18880,Patrick Ryan,Consumer,Oakland,California,94601,West
CA-12310,Christine Abelman,Corporate,Bristol,Connecticut,6010,East
MC-17425,Mark Cousins,Corporate,Houston,Texas,77036,Central
LC-17050,Liz Carlisle,Consumer,Mission Viejo,California,92691,West
Dp-13240,Dean percer,Home Office,Charlotte,North Carolina,28205,South
LB-16795,Laurel Beltran,Home Office,Columbus,Ohio,43229,East
DE-13255,Deanra Eno,Home Office,Dubuque,Iowa,52001,Central
CC-12610,Corey Catlett,Corporate,Springfield,Virginia,22153,South
RH-19600,Rob Haberlin,Consumer,Carol Stream,Illinois,60188,Central
CA-12055,Cathy Armstrong,Home Office,Los Angeles,California,90036,West
SC-20020,Sam Craven,Consumer,Plano,Texas,75023,Central
MG-17875,Michael Grace,Home Office,Aurora,Illinois,60505,Central
RD-19810,Ross DeVincentis,Home Office,Richmond,Kentucky,40475,South
MT-17815,Meg Tillman,Consumer,Jackson,Mississippi,39212,South
KD-16495,Keith Dawkins,Corporate,Jackson,Michigan,49201,Central
RB-19330,Randy Bradley,Consumer,Philadelphia,Pennsylvania,19143,East
JC-15775,John Castell,Consumer,Macon,Georgia,31204,South
ML-17410,Maris LaWare,Consumer,Philadelphia,Pennsylvania,19143,East
MH-17620,Matt Hagelstein,Corporate,San Diego,California,92105,West
MF-17665,Maureen Fritzler,Corporate,Toledo,Ohio,43615,East
RS-19765,Roland Schwarz,Corporate,Los Angeles,California,90045,West
AB-10255,Alejandro Ballentine,Home Office,Jackson,Mississippi,39212,South
RM-19750,Roland Murray,Consumer,New York City,New York,10011,East
KB-16585,Ken Black,Corporate,Hialeah,Florida,33012,South
CM-12160,Charles McCrossin,Consumer,San Francisco,California,94122,West
EJ-13720,Ed Jacobs,Consumer,San Diego,California,92037,West
NC-18415,Nathan Cano,Consumer,Jacksonville,North Carolina,28540,South
AH-10690,Anna HÅ berlin,Corporate,Plantation,Florida,33317,South
LS-17230,Lycoris Saunders,Consumer,Dover,Delaware,19901,East
MY-18295,Muhammed Yedwab,Corporate,Columbus,Ohio,43229,East
KE-16420,Katrina Edelman,Corporate,Bristol,Tennessee,37620,South
DH-13675,Duane Huffman,Home Office,Quincy,Massachusetts,2169,East
GH-14410,Gary Hansen,Home Office,San Francisco,California,94122,West
JF-15355,Jay Fein,Consumer,San Diego,California,92105,West
PF-19120,Peter Fuller,Consumer,Gilbert,Arizona,85234,West
SP-20860,Sung Pak,Corporate,Los Angeles,California,90036,West
VT-21700,Valerie Takahito,Home Office,Philadelphia,Pennsylvania,19143,East
MM-18280,Muhammed MacIntyre,Corporate,New York City,New York,10035,East
MH-17455,Mark Hamilton,Consumer,Greenwood,Indiana,46142,Central
TS-21340,Toby Swindell,Consumer,New York City,New York,10024,East
DN-13690,Duane Noonan,Consumer,San Francisco,California,94109,West
RB-19360,Raymond Buch,Consumer,Nashville,Tennessee,37211,South
ED-13885,Emily Ducich,Home Office,Los Angeles,California,90045,West
JM-15250,Janet Martin,Consumer,New York City,New York,10009,East
EB-13930,Eric Barreto,Consumer,Richmond,Virginia,23223,South
TH-21235,Tiffany House,Corporate,New York City,New York,10024,East
PL-18925,Paul Lucas,Home Office,Seattle,Washington,98115,West
CS-12175,Charles Sheldon,Corporate,Columbia,Tennessee,38401,South
AR-10540,Andy Reiter,Consumer,Woonsocket,Rhode Island,2895,East
DB-13120,David Bremer,Corporate,Tampa,Florida,33614,South
DK-12895,Dana Kaydos,Consumer,Kenosha,Wisconsin,53142,Central
AA-10645,Anna Andreadi,Consumer,Chester,Pennsylvania,19013,East
JO-15145,Jack O'Briant,Corporate,San Francisco,California,94110,West
GA-14515,George Ashbrook,Consumer,New York City,New York,10011,East
LH-16900,Lena Hernandez,Consumer,Jonesboro,Arkansas,72401,South
DL-13495,Dionis Lloyd,Corporate,Detroit,Michigan,48227,Central
MG-18145,Mike Gockenbach,Consumer,Jacksonville,Florida,32216,South
NC-18535,Nick Crebassa,Corporate,San Francisco,California,94110,West
SR-20740,Steven Roelle,Home Office,Seattle,Washington,98103,West
SJ-20500,Shirley Jackson,Consumer,Fairfield,Connecticut,6824,East
BS-11365,Bill Shonely,Corporate,New York City,New York,10011,East
SH-20635,Stefanie Holloman,Corporate,Jackson,Tennessee,38301,South
RM-19675,Robert Marley,Home Office,New York City,New York,10011,East
CA-11965,Carol Adams,Corporate,Port Arthur,Texas,77642,Central
AH-10585,Angele Hood,Consumer,Seattle,Washington,98105,West
GZ-14470,Gary Zandusky,Consumer,Bullhead City,Arizona,86442,West
RR-19315,Ralph Ritter,Consumer,Aurora,Illinois,60505,Central
JL-15835,John Lee,Consumer,Philadelphia,Pennsylvania,19120,East
AS-10630,Ann Steele,Home Office,San Francisco,California,94110,West
JK-15730,Joe Kamberova,Consumer,Columbus,Ohio,43229,East
CC-12670,Craig Carreira,Consumer,Los Angeles,California,90032,West
VS-21820,Vivek Sundaresam,Consumer,Los Angeles,California,90036,West
BW-11200,Ben Wallace,Consumer,Hampton,Virginia,23666,South
RD-19720,Roger Demir,Consumer,New York City,New York,10024,East
VF-21715,Vicky Freymann,Home Office,Seattle,Washington,98115,West
ES-14080,Erin Smith,Corporate,Providence,Rhode Island,2908,East
RL-19615,Rob Lucas,Consumer,Chicago,Illinois,60610,Central
GK-14620,Grace Kelly,Corporate,Los Angeles,California,90049,West
JF-15490,Jeremy Farry,Consumer,San Francisco,California,94122,West
MG-17650,Matthew Grinstein,Home Office,Jackson,Michigan,49201,Central
MC-18130,Mike Caudle,Corporate,Los Angeles,California,90004,West
MG-17890,Michael Granlund,Home Office,Baltimore,Maryland,21215,East
HA-14905,Helen Abelman,Consumer,Fort Collins,Colorado,80525,West
DB-13360,Dennis Bolton,Home Office,New York City,New York,10009,East
SV-20785,Stewart Visinsky,Consumer,Philadelphia,Pennsylvania,19140,East
DB-13555,Dorothy Badders,Corporate,Fort Worth,Texas,76106,Central
AG-10270,Alejandro Grove,Consumer,Philadelphia,Pennsylvania,19120,East
NR-18550,Nick Radford,Consumer,Aurora,Illinois,60505,Central
RB-19435,Richard Bierner,Consumer,San Diego,California,92105,West
GT-14755,Guy Thornton,Consumer,Long Beach,California,90805,West
ES-14020,Erica Smith,Consumer,Jackson,Tennessee,38301,South
CM-12385,Christopher Martinez,Consumer,Chicago,Illinois,60610,Central
MF-18250,Monica Federle,Corporate,Los Angeles,California,90036,West
EB-14110,Eugene Barchas,Consumer,Philadelphia,Pennsylvania,19134,East
TB-21175,Thomas Boland,Corporate,Henderson,Kentucky,42420,South
AC-10660,Anna Chung,Consumer,Parma,Ohio,44134,East
AB-10015,Aaron Bergman,Consumer,Seattle,Washington,98103,West
CL-12700,Craig Leslie,Home Office,Colorado Springs,Colorado,80906,West
RB-19645,Robert Barroso,Corporate,Memphis,Tennessee,38109,South
SS-20410,Shahid Shariari,Consumer,Los Angeles,California,90008,West
HR-14770,Hallie Redmond,Home Office,Milwaukee,Wisconsin,53209,Central
AH-10465,Amy Hunt,Consumer,Dallas,Texas,75217,Central
MA-17560,Matt Abelman,Home Office,Trenton,Michigan,48183,Central
BD-11500,Bradley Drucker,Consumer,San Francisco,California,94122,West
TS-21430,Tom Stivers,Corporate,Oklahoma City,Oklahoma,73120,Central
FP-14320,Frank Preis,Consumer,New York City,New York,10009,East
JL-15175,James Lanier,Home Office,Chandler,Arizona,85224,West
KW-16570,Kelly Williams,Consumer,Kirkwood,Missouri,63122,Central
AJ-10945,Ashley Jarboe,Consumer,Taylor,Michigan,48180,Central
CS-12250,Chris Selesnick,Corporate,Columbia,South Carolina,29203,South
RE-19450,Richard Eichhorn,Consumer,Oakland,California,94601,West
SR-20425,Sharelle Roach,Home Office,Detroit,Michigan,48234,Central
TM-21490,Tony Molinari,Consumer,San Francisco,California,94110,West
AH-10195,Alan Haines,Corporate,Bethlehem,Pennsylvania,18018,East
AB-10165,Alan Barnes,Consumer,Decatur,Illinois,62521,Central
CV-12295,Christina VanderZanden,Consumer,New York City,New York,10011,East
NH-18610,Nicole Hansen,Corporate,Oak Park,Michigan,48237,Central
AG-10495,Andrew Gjertsen,Corporate,Houston,Texas,77041,Central
GR-14560,Georgia Rosenberg,Corporate,Wilmington,Delaware,19805,East
MH-17290,Marc Harrigan,Home Office,Los Angeles,California,90036,West
DM-13525,Don Miller,Corporate,Palm Coast,Florida,32137,South
TA-21385,Tom Ashbrook,Home Office,Olathe,Kansas,66062,Central
DB-13210,Dean Braden,Consumer,San Francisco,California,94109,West
TH-21115,Thea Hudgings,Corporate,Philadelphia,Pennsylvania,19140,East
MS-17980,Michael Stewart,Corporate,Philadelphia,Pennsylvania,19134,East
DB-12970,Darren Budd,Corporate,Houston,Texas,77036,Central
SU-20665,Stephanie Ulpright,Home Office,Chicago,Illinois,60610,Central
RF-19840,Roy FranzÅ¡sisch,Consumer,Pasadena,California,91104,West
SC-20695,Steve Chapman,Corporate,La Crosse,Wisconsin,54601,Central
ML-18040,Michelle Lonsdale,Corporate,Dearborn,Michigan,48126,Central
TG-21640,Trudy Glocke,Consumer,Pocatello,Idaho,83201,West
RB-19705,Roger Barcio,Home Office,Houston,Texas,77070,Central
SS-20875,Sung Shariari,Consumer,Marion,Ohio,43302,East
DH-13075,Dave Hallsten,Corporate,Fairfield,California,94533,West
BW-11065,Barry Weirich,Consumer,Raleigh,North Carolina,27604,South
FH-14365,Fred Hopkins,Corporate,Long Beach,New York,11561,East
SC-20440,Shaun Chance,Corporate,Los Angeles,California,90032,West
JK-16090,Juliana Krohn,Consumer,Springfield,Oregon,97477,West
MG-18205,Mitch Gastineau,Corporate,Jacksonville,Florida,32216,South
CR-12730,Craig Reiter,Consumer,Chicago,Illinois,60610,Central
KB-16405,Katrina Bavinger,Home Office,New York City,New York,10035,East
BS-11665,Brian Stugart,Consumer,San Diego,California,92105,West
PO-19180,Philisse Overcash,Home Office,Roseville,Minnesota,55113,Central
RA-19885,Ruben Ausman,Corporate,Decatur,Alabama,35601,South
BD-11770,Bryan Davis,Consumer,New York City,New York,10024,East
AG-10390,Allen Goldenen,Consumer,Los Angeles,California,90004,West
SW-20245,Scot Wooten,Consumer,Troy,New York,12180,East
BF-11215,Benjamin Farhat,Home Office,Minneapolis,Minnesota,55407,Central
SP-20920,Susan Pistek,Consumer,Parma,Ohio,44134,East
JR-16210,Justin Ritter,Corporate,Springfield,Oregon,97477,West
TB-21190,Thomas Brumley,Home Office,New York City,New York,10011,East
AO-10810,Anthony O'Donnell,Corporate,Los Angeles,California,90045,West
EK-13795,Eileen Kiefer,Home Office,San Francisco,California,94110,West
DB-13270,Deborah Brumfield,Home Office,Portland,Oregon,97206,West
CM-12445,Chuck Magee,Consumer,Houston,Texas,77095,Central
YS-21880,Yana Sorensen,Corporate,Seattle,Washington,98103,West
JF-15415,Jennifer Ferguson,Consumer,Seattle,Washington,98105,West
LO-17170,Lori Olson,Corporate,Concord,New Hampshire,3301,East
ME-17725,Max Engle,Consumer,Salem,Virginia,24153,South
MZ-17335,Maria Zettner,Home Office,San Francisco,California,94109,West
TP-21565,Tracy Poddar,Corporate,Eugene,Oregon,97405,West
LW-17125,Liz Willingham,Consumer,Oxnard,California,93030,West
XP-21865,Xylona Preis,Consumer,Westland,Michigan,48185,Central
SH-20395,Shahid Hopkins,Consumer,Jacksonville,North Carolina,28540,South
TT-21460,Tonja Turnell,Home Office,Houston,Texas,77095,Central
EC-14050,Erin Creighton,Consumer,San Francisco,California,94110,West
BS-11590,Brendan Sweed,Corporate,Philadelphia,Pennsylvania,19140,East
KN-16390,Katherine Nockton,Corporate,New York City,New York,10011,East
SS-20515,Shirley Schmidt,Home Office,Louisville,Kentucky,40214,South
SP-20545,Sibella Parks,Corporate,Philadelphia,Pennsylvania,19143,East
ON-18715,Odella Nelson,Corporate,Clinton,Maryland,20735,East
MV-18190,Mike Vittorini,Consumer,Los Angeles,California,90045,West
VP-21760,Victoria Pisteka,Corporate,San Francisco,California,94109,West
PM-18940,Paul MacIntyre,Consumer,Texas City,Texas,77590,Central
TW-21025,Tamara Willingham,Home Office,Charlottesville,Virginia,22901,South
TC-21145,Theresa Coyne,Corporate,Lakewood,New Jersey,8701,East
PS-18760,Pamela Stobb,Consumer,Philadelphia,Pennsylvania,19140,East
SC-20230,Scot Coram,Corporate,Los Angeles,California,90004,West
ST-20530,Shui Tom,Consumer,Philadelphia,Pennsylvania,19140,East
AR-10570,Anemone Ratner,Consumer,Columbus,Georgia,31907,South
CY-12745,Craig Yedwab,Corporate,Gilbert,Arizona,85234,West
AT-10735,Annie Thurman,Consumer,New York City,New York,10009,East
AG-10330,Alex Grayson,Consumer,Mesa,Arizona,85204,West
VB-21745,Victoria Brennan,Corporate,Rochester,New York,14609,East
SC-20305,Sean Christensen,Consumer,San Jose,California,95123,West
JS-15595,Jill Stevenson,Corporate,Columbus,Ohio,43229,East
AW-10930,Arthur Wiediger,Home Office,Helena,Montana,59601,West
CB-12415,Christy Brittain,Consumer,Los Angeles,California,90036,West
DO-13645,Doug O'Connell,Consumer,Boynton Beach,Florida,33437,South
MN-17935,Michael Nguyen,Consumer,New York City,New York,10009,East
SP-20650,Stephanie Phelps,Corporate,Chicago,Illinois,60623,Central
AR-10345,Alex Russell,Corporate,Philadelphia,Pennsylvania,19143,East
AA-10315,Alex Avila,Consumer,New York City,New York,10011,East
CC-12475,Cindy Chapman,Consumer,Houston,Texas,77070,Central
TC-21295,Toby Carlisle,Consumer,Westminster,California,92683,West
BS-11380,Bill Stewart,Corporate,Denver,Colorado,80219,West
RB-19570,Rob Beeghly,Consumer,Chicago,Illinois,60610,Central
TB-21250,Tim Brockman,Consumer,Seattle,Washington,98103,West
JM-15655,Jim Mitchum,Corporate,Los Angeles,California,90032,West
FC-14335,Fred Chung,Corporate,San Francisco,California,94110,West
JM-15865,John Murray,Consumer,Las Vegas,Nevada,89115,West
NB-18580,Nicole Brennan,Corporate,Bossier City,Louisiana,71111,South
ER-13855,Elpida Rittenbach,Corporate,Charlotte,North Carolina,28205,South
LW-17215,Luke Weiss,Consumer,Chicago,Illinois,60653,Central
PW-19030,Pauline Webber,Corporate,Los Angeles,California,90036,West
GM-14500,Gene McClure,Consumer,Pharr,Texas,78577,Central
DW-13540,Don Weiss,Consumer,Houston,Texas,77070,Central
TG-21310,Toby Gnade,Consumer,Mesa,Arizona,85204,West
JS-15685,Jim Sink,Corporate,Philadelphia,Pennsylvania,19140,East
TS-21655,Trudy Schmidt,Consumer,Fayetteville,Arkansas,72701,South
DC-12850,Dan Campbell,Consumer,Memphis,Tennessee,38109,South
PO-19195,Phillina Ober,Home Office,Philadelphia,Pennsylvania,19140,East
EM-14200,Evan Minnotte,Home Office,Dallas,Texas,75217,Central
CR-12580,Clay Rozendal,Home Office,San Diego,California,92037,West
CM-11815,Candace McMahon,Corporate,Seattle,Washington,98115,West
CM-12715,Craig Molinari,Corporate,Philadelphia,Pennsylvania,19140,East
LC-16960,Lindsay Castell,Home Office,Arlington,Virginia,22204,South
CR-12820,Cyra Reiten,Home Office,Houston,Texas,77041,Central
RD-19930,Russell D'Ascenzo,Consumer,Chicago,Illinois,60623,Central
CS-12490,Cindy Schnelling,Corporate,Lakeland,Florida,33801,South
JD-15790,John Dryer,Consumer,Belleville,New Jersey,7109,East
PT-19090,Pete Takahito,Consumer,Jacksonville,Florida,32216,South
LP-17095,Liz Preis,Consumer,Aurora,Illinois,60505,Central
GZ-14545,George Zrebassa,Corporate,Los Angeles,California,90036,West
GW-14605,Giulietta Weimer,Consumer,Houston,Texas,77036,Central
SC-20680,Steve Carroll,Home Office,Seattle,Washington,98105,West
MH-17440,Mark Haberlin,Corporate,Houston,Texas,77036,Central
EJ-14155,Eva Jacobs,Consumer,Franklin,Massachusetts,2038,East
BD-11635,Brian Derr,Consumer,New York City,New York,10009,East
HE-14800,Harold Engle,Corporate,Newark,Delaware,19711,East
NP-18670,Nora Paige,Consumer,Lakewood,New Jersey,8701,East
EM-14065,Erin Mull,Consumer,Frisco,Texas,75034,Central
AG-10525,Andy Gerbode,Corporate,New York City,New York,10011,East
HM-14980,Henry MacAllister,Consumer,Seattle,Washington,98105,West
BP-11095,Bart Pistole,Corporate,New York City,New York,10024,East
SB-20185,Sarah Brown,Consumer,Chicago,Illinois,60653,Central
CR-12625,Corey Roper,Home Office,Columbus,Georgia,31907,South
DF-13135,David Flashing,Consumer,Rockford,Illinois,61107,Central
JL-15130,Jack Lebron,Consumer,Jackson,Tennessee,38301,South
JH-15430,Jennifer Halladay,Consumer,Hialeah,Florida,33012,South
JG-15115,Jack Garza,Consumer,Jacksonville,North Carolina,28540,South
ND-18460,Neil Ducich,Corporate,Chandler,Arizona,85224,West
LR-17035,Lisa Ryan,Corporate,Houston,Texas,77041,Central
KM-16660,Khloe Miller,Consumer,Philadelphia,Pennsylvania,19140,East
FM-14380,Fred McMath,Consumer,Detroit,Michigan,48227,Central
HJ-14875,Heather Jas,Home Office,Seattle,Washington,98105,West
JH-15820,John Huston,Consumer,Monroe,North Carolina,28110,South
AM-10360,Alice McCarthy,Corporate,Cleveland,Ohio,44105,East
SM-20005,Sally Matthias,Consumer,Houston,Texas,77041,Central
DP-13105,Dave Poirier,Corporate,Seattle,Washington,98115,West
MW-18220,Mitch Webber,Consumer,New York City,New York,10011,East
CD-12280,Christina DeMoss,Consumer,New York City,New York,10024,East
CM-12235,Chris McAfee,Consumer,Milwaukee,Wisconsin,53209,Central
PB-18805,Patrick Bzostek,Home Office,Seattle,Washington,98115,West
RP-19270,Rachel Payne,Corporate,Houston,Texas,77095,Central
EB-14170,Evan Bailliet,Consumer,Houston,Texas,77095,Central
SM-20905,Susan MacKendrick,Consumer,Newark,Ohio,43055,East
BF-11005,Barry Franz,Home Office,Pasadena,Texas,77506,Central
FC-14245,Frank Carlisle,Home Office,Sacramento,California,95823,West
JH-15985,Joseph Holt,Consumer,Concord,North Carolina,28027,South
BT-11485,Brad Thomas,Home Office,Philadelphia,Pennsylvania,19140,East
QJ-19255,Quincy Jones,Corporate,Burlington,Vermont,5408,East
BG-11035,Barry Gonzalez,Consumer,Hampton,Virginia,23666,South
SC-20845,Sung Chung,Consumer,Louisville,Colorado,80027,West
IM-15055,Ionia McGrath,Consumer,San Francisco,California,94122,West
